[
    {
        "model": "auth.user",
        "fields": {
            "password": "pbkdf2_sha256$390000$wM8FuDWCN29nkmmFkz9YVx$/rpwEhszqN7wMLgSog1HJhC4b2SsWvxtTWC/A/tE48Q=",
            "last_login": "2022-12-19T21:14:52.730Z",
            "is_superuser": true,
            "username": "doncho",
            "first_name": "",
            "last_name": "",
            "email": "doncho@abv.bg",
            "is_staff": true,
            "is_active": true,
            "date_joined": "2022-11-06T22:20:43.858Z",
            "groups": [],
            "user_permissions": []
        }
    },
    {
        "model": "auth.user",
        "fields": {
            "password": "pbkdf2_sha256$390000$sH8yIDG9Rl3l16onwq9VFk$0V6KNO7G7IcxifaLw6rRVQOrXavs4Vw030rdPTioS54=",
            "last_login": "2022-11-20T16:34:24.361Z",
            "is_superuser": false,
            "username": "dakata_gb70",
            "first_name": "",
            "last_name": "",
            "email": "",
            "is_staff": false,
            "is_active": true,
            "date_joined": "2022-11-06T23:33:53.049Z",
            "groups": [],
            "user_permissions": []
        }
    },
    {
        "model": "auth.user",
        "fields": {
            "password": "pbkdf2_sha256$390000$7WGT5pJSSJvQgPFxsmIvtN$WEohm6OcBlfESYJk0SsafRnGsuHxW7Sz0FwqbembRz0=",
            "last_login": null,
            "is_superuser": false,
            "username": "YordanPetrov",
            "first_name": "",
            "last_name": "",
            "email": "dakatagb1@gmail.com",
            "is_staff": false,
            "is_active": true,
            "date_joined": "2022-11-20T20:39:36.381Z",
            "groups": [],
            "user_permissions": []
        }
    },
    {
        "model": "catalog.product",
        "pk": 1,
        "fields": {
            "title": "Mouse",
            "price": "11.00",
            "stock": 55,
            "created_at": "2022-11-12T13:16:10.370Z",
            "updated_at": "2023-01-21T22:57:30.691Z"
        }
    },
    {
        "model": "catalog.product",
        "pk": 2,
        "fields": {
            "title": "Keyboard",
            "price": "14.00",
            "stock": 93,
            "created_at": "2022-11-12T13:16:24.877Z",
            "updated_at": "2022-12-19T21:22:17.402Z"
        }
    },
    {
        "model": "catalog.product",
        "pk": 3,
        "fields": {
            "title": "Laptop",
            "price": "1000.00",
            "stock": 48,
            "created_at": "2022-11-22T18:25:18.737Z",
            "updated_at": "2022-11-22T22:29:17.217Z"
        }
    },
    {
        "model": "catalog.product",
        "pk": 4,
        "fields": {
            "title": "Smartwatch",
            "price": "750.00",
            "stock": 97,
            "created_at": "2022-11-22T18:26:32.787Z",
            "updated_at": "2022-11-22T22:30:47.701Z"
        }
    },
    {
        "model": "catalog.product",
        "pk": 5,
        "fields": {
            "title": "Monitor",
            "price": "550.00",
            "stock": 98,
            "created_at": "2022-11-22T18:28:43.554Z",
            "updated_at": "2022-11-22T22:29:41.553Z"
        }
    },
    {
        "model": "catalog.product",
        "pk": 6,
        "fields": {
            "title": "Smarthphone",
            "price": "800.00",
            "stock": 99,
            "created_at": "2022-11-22T18:29:43.431Z",
            "updated_at": "2022-11-22T22:22:35.450Z"
        }
    },
    {
        "model": "catalog.product",
        "pk": 7,
        "fields": {
            "title": "E-reader",
            "price": "250.00",
            "stock": 149,
            "created_at": "2022-11-22T18:31:40.028Z",
            "updated_at": "2022-11-22T22:22:49.893Z"
        }
    },
    {
        "model": "catalog.product",
        "pk": 8,
        "fields": {
            "title": "Tablet",
            "price": "350.00",
            "stock": 199,
            "created_at": "2022-11-22T18:32:34.753Z",
            "updated_at": "2022-11-22T22:23:24.994Z"
        }
    },
    {
        "model": "catalog.product",
        "pk": 9,
        "fields": {
            "title": "Printer",
            "price": "400.00",
            "stock": 99,
            "created_at": "2022-11-22T18:33:30.995Z",
            "updated_at": "2022-11-22T22:23:39.519Z"
        }
    },
    {
        "model": "catalog.product",
        "pk": 11,
        "fields": {
            "title": "SSD",
            "price": "500.00",
            "stock": 98,
            "created_at": "2022-11-22T18:56:59.293Z",
            "updated_at": "2022-12-19T21:24:02.437Z"
        }
    },
    {
        "model": "catalog.product",
        "pk": 12,
        "fields": {
            "title": "HDD",
            "price": "400.00",
            "stock": 200,
            "created_at": "2022-11-23T21:57:05.319Z",
            "updated_at": "2022-11-23T21:59:13.569Z"
        }
    },
    {
        "model": "catalog.order",
        "pk": 1,
        "fields": {
            "date": "2022-12-19",
            "user": ["doncho"]
        }
    },
    {
        "model": "catalog.order",
        "pk": 2,
        "fields": {
            "date": "2023-11-10",
            "user": ["dakata_gb70"]
        }
    },
    {
        "model": "catalog.order",
        "pk": 3,
        "fields": {
            "date": "2023-12-01",
            "user": ["dakata_gb70"]
        }
    },
    {
        "model": "catalog.order",
        "pk": 4,
        "fields": {
            "date": "2022-01-15",
            "user": ["YordanPetrov"]
        }
    },
    {
        "model": "catalog.order",
        "pk": 5,
        "fields": {
            "date": "2022-02-16",
            "user": ["YordanPetrov"]
        }
    },
    {
        "model": "catalog.order",
        "pk": 6,
        "fields": {
            "date": "2022-01-23",
            "user": ["YordanPetrov"]
        }
    },
    {
        "model": "catalog.order",
        "pk": 7,
        "fields": {
            "date": "2022-03-03",
            "user": ["YordanPetrov"]
        }
    },
    {
        "model": "catalog.order",
        "pk": 8,
        "fields": {
            "date": "2022-04-20",
            "user": ["YordanPetrov"]
        }
    },
    {
        "model": "catalog.order",
        "pk": 9,
        "fields": {
            "date": "2022-05-13",
            "user": ["YordanPetrov"]
        }
    },
    {
        "model": "catalog.order",
        "pk": 10,
        "fields": {
            "date": "2022-05-18",
            "user": ["YordanPetrov"]
        }
    },
    {
        "model": "catalog.order",
        "pk": 11,
        "fields": {
            "date": "2022-06-01",
            "user": ["YordanPetrov"]
        }
    },
    {
        "model": "catalog.order",
        "pk": 12,
        "fields": {
            "date": "2022-07-23",
            "user": ["YordanPetrov"]
        }
    },
    {
        "model": "catalog.order",
        "pk": 13,
        "fields": {
            "date": "2022-10-14",
            "user": ["YordanPetrov"]
        }
    },
    {
        "model": "catalog.order",
        "pk": 14,
        "fields": {
            "date": "2022-11-09",
            "user": ["YordanPetrov"]
        }
    },
    {
        "model": "catalog.order",
        "pk": 15,
        "fields": {
            "date": "2022-12-20",
            "user": ["YordanPetrov"]
        }
    },
    {
        "model": "catalog.order",
        "pk": 16,
        "fields": {
            "date": "2022-12-25",
            "user": ["YordanPetrov"]
        }
    },
    {
        "model": "catalog.order",
        "pk": 17,
        "fields": {
            "date": "2022-01-02",
            "user": ["dakata_gb70"]
        }
    },
    {
        "model": "catalog.order",
        "pk": 18,
        "fields": {
            "date": "2022-11-24",
            "user": ["dakata_gb70"]
        }
    },
    {
        "model": "catalog.order",
        "pk": 19,
        "fields": {
            "date": "2022-12-31",
            "user": ["dakata_gb70"]
        }
    },
    {
        "model": "catalog.order",
        "pk": 20,
        "fields": {
            "date": "2023-01-10",
            "user": ["dakata_gb70"]
        }
    },
    {
        "model": "catalog.order",
        "pk": 21,
        "fields": {
            "date": "2023-06-01",
            "user": ["dakata_gb70"]
        }
    },
    {
        "model": "catalog.orderproduct",
        "pk": 3,
        "fields": {
            "order": 20,
            "product": 1,
            "quantity": 1,
            "price": "11.00"
        }
    },
    {
        "model": "catalog.orderproduct",
        "pk": 4,
        "fields": {
            "order": 4,
            "product": 1,
            "quantity": 2,
            "price": "11.00"
        }
    },
    {
        "model": "catalog.orderproduct",
        "pk": 5,
        "fields": {
            "order": 4,
            "product": 2,
            "quantity": 2,
            "price": "11.00"
        }
    },
    {
        "model": "catalog.orderproduct",
        "pk": 6,
        "fields": {
            "order": 5,
            "product": 11,
            "quantity": 1,
            "price": "11.00"
        }
    },
    {
        "model": "catalog.orderproduct",
        "pk": 19,
        "fields": {
            "order": 4,
            "product": 1,
            "quantity": 1,
            "price": "11.00"
        }
    },
    {
        "model": "catalog.orderproduct",
        "pk": 20,
        "fields": {
            "order": 4,
            "product": 2,
            "quantity": 1,
            "price": "14.00"
        }
    },
    {
        "model": "catalog.orderproduct",
        "pk": 21,
        "fields": {
            "order": 6,
            "product": 3,
            "quantity": 1,
            "price": "1000.00"
        }
    },
    {
        "model": "catalog.orderproduct",
        "pk": 22,
        "fields": {
            "order": 5,
            "product": 4,
            "quantity": 2,
            "price": "750.00"
        }
    },
    {
        "model": "catalog.orderproduct",
        "pk": 23,
        "fields": {
            "order": 7,
            "product": 5,
            "quantity": 1,
            "price": "550.00"
        }
    },
    {
        "model": "catalog.orderproduct",
        "pk": 24,
        "fields": {
            "order": 8,
            "product": 6,
            "quantity": 1,
            "price": "800.00"
        }
    },
    {
        "model": "catalog.orderproduct",
        "pk": 25,
        "fields": {
            "order": 9,
            "product": 7,
            "quantity": 1,
            "price": "250.00"
        }
    },
    {
        "model": "catalog.orderproduct",
        "pk": 26,
        "fields": {
            "order": 10,
            "product": 8,
            "quantity": 1,
            "price": "350.00"
        }
    },
    {
        "model": "catalog.orderproduct",
        "pk": 27,
        "fields": {
            "order": 10,
            "product": 9,
            "quantity": 1,
            "price": "400.00"
        }
    },
    {
        "model": "catalog.orderproduct",
        "pk": 28,
        "fields": {
            "order": 11,
            "product": 1,
            "quantity": 1,
            "price": "11.00"
        }
    },
    {
        "model": "catalog.orderproduct",
        "pk": 29,
        "fields": {
            "order": 11,
            "product": 11,
            "quantity": 1,
            "price": "500.00"
        }
    },
    {
        "model": "catalog.orderproduct",
        "pk": 30,
        "fields": {
            "order": 12,
            "product": 1,
            "quantity": 2,
            "price": "11.00"
        }
    },
    {
        "model": "catalog.orderproduct",
        "pk": 31,
        "fields": {
            "order": 12,
            "product": 2,
            "quantity": 2,
            "price": "14.00"
        }
    },
    {
        "model": "catalog.orderproduct",
        "pk": 32,
        "fields": {
            "order": 13,
            "product": 1,
            "quantity": 1,
            "price": "11.00"
        }
    },
    {
        "model": "catalog.orderproduct",
        "pk": 33,
        "fields": {
            "order": 13,
            "product": 3,
            "quantity": 1,
            "price": "1000.00"
        }
    },
    {
        "model": "catalog.orderproduct",
        "pk": 34,
        "fields": {
            "order": 14,
            "product": 5,
            "quantity": 1,
            "price": "550.00"
        }
    },
    {
        "model": "catalog.orderproduct",
        "pk": 35,
        "fields": {
            "order": 15,
            "product": 1,
            "quantity": 1,
            "price": "11.00"
        }
    },
    {
        "model": "catalog.orderproduct",
        "pk": 36,
        "fields": {
            "order": 15,
            "product": 2,
            "quantity": 1,
            "price": "14.00"
        }
    },
    {
        "model": "catalog.orderproduct",
        "pk": 37,
        "fields": {
            "order": 16,
            "product": 2,
            "quantity": 1,
            "price": "14.00"
        }
    },
    {
        "model": "catalog.orderproduct",
        "pk": 38,
        "fields": {
            "order": 16,
            "product": 4,
            "quantity": 1,
            "price": "750.00"
        }
    },
    {
        "model": "catalog.orderproduct",
        "pk": 39,
        "fields": {
            "order": 17,
            "product": 1,
            "quantity": 2,
            "price": "11.00"
        }
    },
    {
        "model": "catalog.orderproduct",
        "pk": 40,
        "fields": {
            "order": 18,
            "product": 1,
            "quantity": 2,
            "price": "11.00"
        }
    },
    {
        "model": "catalog.orderproduct",
        "pk": 41,
        "fields": {
            "order": 18,
            "product": 1,
            "quantity": 2,
            "price": "11.00"
        }
    },
    {
        "model": "catalog.orderproduct",
        "pk": 42,
        "fields": {
            "order": 18,
            "product": 1,
            "quantity": 2,
            "price": "11.00"
        }
    },
    {
        "model": "catalog.orderproduct",
        "pk": 43,
        "fields": {
            "order": 19,
            "product": 1,
            "quantity": 1,
            "price": "11.00"
        }
    },
    {
        "model": "catalog.orderproduct",
        "pk": 44,
        "fields": {
            "order": 20,
            "product": 1,
            "quantity": 1,
            "price": "11.00"
        }
    },
    {
        "model": "catalog.orderproduct",
        "pk": 45,
        "fields": {
            "order": 20,
            "product": 1,
            "quantity": 1,
            "price": "11.00"
        }
    },
    {
        "model": "admin.logentry",
        "pk": 1,
        "fields": {
            "action_time": "2022-12-19T21:18:20.428Z",
            "user": ["doncho"],
            "content_type": ["catalog", "orderproduct"],
            "object_id": "4",
            "object_repr": "product: Mouse - quantity: 2 - total price: 22",
            "action_flag": 1,
            "change_message": "[{\"added\": {}}]"
        }
    },
    {
        "model": "admin.logentry",
        "pk": 2,
        "fields": {
            "action_time": "2022-12-19T21:22:17.403Z",
            "user": ["doncho"],
            "content_type": ["catalog", "orderproduct"],
            "object_id": "5",
            "object_repr": "product: Keyboard - quantity: 2 - total price: 22",
            "action_flag": 1,
            "change_message": "[{\"added\": {}}]"
        }
    },
    {
        "model": "admin.logentry",
        "pk": 3,
        "fields": {
            "action_time": "2022-12-19T21:24:02.438Z",
            "user": ["doncho"],
            "content_type": ["catalog", "orderproduct"],
            "object_id": "6",
            "object_repr": "product: SSD - quantity: 1 - total price: 11",
            "action_flag": 1,
            "change_message": "[{\"added\": {}}]"
        }
    },
    {
        "model": "admin.logentry",
        "pk": 4,
        "fields": {
            "action_time": "2022-12-19T21:33:35.810Z",
            "user": ["doncho"],
            "content_type": ["catalog", "order"],
            "object_id": "1",
            "object_repr": "id: 1 date: 2022-12-19 - user: doncho",
            "action_flag": 1,
            "change_message": "[{\"added\": {}}]"
        }
    }
]
